sample_id,completion_csv,prediction_json
1700,D:\jida_project\data_complete\outputs\nmf_final\completion\output1700.csv,D:\jida_project\data_complete\outputs\nmf_final\predictions\prediction_1700.json
1701,D:\jida_project\data_complete\outputs\nmf_final\completion\output1701.csv,D:\jida_project\data_complete\outputs\nmf_final\predictions\prediction_1701.json
1702,D:\jida_project\data_complete\outputs\nmf_final\completion\output1702.csv,D:\jida_project\data_complete\outputs\nmf_final\predictions\prediction_1702.json
1703,D:\jida_project\data_complete\outputs\nmf_final\completion\output1703.csv,D:\jida_project\data_complete\outputs\nmf_final\predictions\prediction_1703.json
1704,D:\jida_project\data_complete\outputs\nmf_final\completion\output1704.csv,D:\jida_project\data_complete\outputs\nmf_final\predictions\prediction_1704.json
1705,D:\jida_project\data_complete\outputs\nmf_final\completion\output1705.csv,D:\jida_project\data_complete\outputs\nmf_final\predictions\prediction_1705.json
1706,D:\jida_project\data_complete\outputs\nmf_final\completion\output1706.csv,D:\jida_project\data_complete\outputs\nmf_final\predictions\prediction_1706.json
1707,D:\jida_project\data_complete\outputs\nmf_final\completion\output1707.csv,D:\jida_project\data_complete\outputs\nmf_final\predictions\prediction_1707.json
1708,D:\jida_project\data_complete\outputs\nmf_final\completion\output1708.csv,D:\jida_project\data_complete\outputs\nmf_final\predictions\prediction_1708.json
1709,D:\jida_project\data_complete\outputs\nmf_final\completion\output1709.csv,D:\jida_project\data_complete\outputs\nmf_final\predictions\prediction_1709.json
1710,D:\jida_project\data_complete\outputs\nmf_final\completion\output1710.csv,D:\jida_project\data_complete\outputs\nmf_final\predictions\prediction_1710.json
1711,D:\jida_project\data_complete\outputs\nmf_final\completion\output1711.csv,D:\jida_project\data_complete\outputs\nmf_final\predictions\prediction_1711.json
1712,D:\jida_project\data_complete\outputs\nmf_final\completion\output1712.csv,D:\jida_project\data_complete\outputs\nmf_final\predictions\prediction_1712.json
1713,D:\jida_project\data_complete\outputs\nmf_final\completion\output1713.csv,D:\jida_project\data_complete\outputs\nmf_final\predictions\prediction_1713.json
1714,D:\jida_project\data_complete\outputs\nmf_final\completion\output1714.csv,D:\jida_project\data_complete\outputs\nmf_final\predictions\prediction_1714.json
1715,D:\jida_project\data_complete\outputs\nmf_final\completion\output1715.csv,D:\jida_project\data_complete\outputs\nmf_final\predictions\prediction_1715.json
1716,D:\jida_project\data_complete\outputs\nmf_final\completion\output1716.csv,D:\jida_project\data_complete\outputs\nmf_final\predictions\prediction_1716.json
1717,D:\jida_project\data_complete\outputs\nmf_final\completion\output1717.csv,D:\jida_project\data_complete\outputs\nmf_final\predictions\prediction_1717.json
1718,D:\jida_project\data_complete\outputs\nmf_final\completion\output1718.csv,D:\jida_project\data_complete\outputs\nmf_final\predictions\prediction_1718.json
1719,D:\jida_project\data_complete\outputs\nmf_final\completion\output1719.csv,D:\jida_project\data_complete\outputs\nmf_final\predictions\prediction_1719.json
1720,D:\jida_project\data_complete\outputs\nmf_final\completion\output1720.csv,D:\jida_project\data_complete\outputs\nmf_final\predictions\prediction_1720.json
1721,D:\jida_project\data_complete\outputs\nmf_final\completion\output1721.csv,D:\jida_project\data_complete\outputs\nmf_final\predictions\prediction_1721.json
1722,D:\jida_project\data_complete\outputs\nmf_final\completion\output1722.csv,D:\jida_project\data_complete\outputs\nmf_final\predictions\prediction_1722.json
1723,D:\jida_project\data_complete\outputs\nmf_final\completion\output1723.csv,D:\jida_project\data_complete\outputs\nmf_final\predictions\prediction_1723.json
1724,D:\jida_project\data_complete\outputs\nmf_final\completion\output1724.csv,D:\jida_project\data_complete\outputs\nmf_final\predictions\prediction_1724.json
1725,D:\jida_project\data_complete\outputs\nmf_final\completion\output1725.csv,D:\jida_project\data_complete\outputs\nmf_final\predictions\prediction_1725.json
1726,D:\jida_project\data_complete\outputs\nmf_final\completion\output1726.csv,D:\jida_project\data_complete\outputs\nmf_final\predictions\prediction_1726.json
1727,D:\jida_project\data_complete\outputs\nmf_final\completion\output1727.csv,D:\jida_project\data_complete\outputs\nmf_final\predictions\prediction_1727.json
1728,D:\jida_project\data_complete\outputs\nmf_final\completion\output1728.csv,D:\jida_project\data_complete\outputs\nmf_final\predictions\prediction_1728.json
1729,D:\jida_project\data_complete\outputs\nmf_final\completion\output1729.csv,D:\jida_project\data_complete\outputs\nmf_final\predictions\prediction_1729.json
1730,D:\jida_project\data_complete\outputs\nmf_final\completion\output1730.csv,D:\jida_project\data_complete\outputs\nmf_final\predictions\prediction_1730.json
1731,D:\jida_project\data_complete\outputs\nmf_final\completion\output1731.csv,D:\jida_project\data_complete\outputs\nmf_final\predictions\prediction_1731.json
1732,D:\jida_project\data_complete\outputs\nmf_final\completion\output1732.csv,D:\jida_project\data_complete\outputs\nmf_final\predictions\prediction_1732.json
1733,D:\jida_project\data_complete\outputs\nmf_final\completion\output1733.csv,D:\jida_project\data_complete\outputs\nmf_final\predictions\prediction_1733.json
1734,D:\jida_project\data_complete\outputs\nmf_final\completion\output1734.csv,D:\jida_project\data_complete\outputs\nmf_final\predictions\prediction_1734.json
1735,D:\jida_project\data_complete\outputs\nmf_final\completion\output1735.csv,D:\jida_project\data_complete\outputs\nmf_final\predictions\prediction_1735.json
1736,D:\jida_project\data_complete\outputs\nmf_final\completion\output1736.csv,D:\jida_project\data_complete\outputs\nmf_final\predictions\prediction_1736.json
1737,D:\jida_project\data_complete\outputs\nmf_final\completion\output1737.csv,D:\jida_project\data_complete\outputs\nmf_final\predictions\prediction_1737.json
1738,D:\jida_project\data_complete\outputs\nmf_final\completion\output1738.csv,D:\jida_project\data_complete\outputs\nmf_final\predictions\prediction_1738.json
1739,D:\jida_project\data_complete\outputs\nmf_final\completion\output1739.csv,D:\jida_project\data_complete\outputs\nmf_final\predictions\prediction_1739.json
1740,D:\jida_project\data_complete\outputs\nmf_final\completion\output1740.csv,D:\jida_project\data_complete\outputs\nmf_final\predictions\prediction_1740.json
1741,D:\jida_project\data_complete\outputs\nmf_final\completion\output1741.csv,D:\jida_project\data_complete\outputs\nmf_final\predictions\prediction_1741.json
1742,D:\jida_project\data_complete\outputs\nmf_final\completion\output1742.csv,D:\jida_project\data_complete\outputs\nmf_final\predictions\prediction_1742.json
1743,D:\jida_project\data_complete\outputs\nmf_final\completion\output1743.csv,D:\jida_project\data_complete\outputs\nmf_final\predictions\prediction_1743.json
1744,D:\jida_project\data_complete\outputs\nmf_final\completion\output1744.csv,D:\jida_project\data_complete\outputs\nmf_final\predictions\prediction_1744.json
1745,D:\jida_project\data_complete\outputs\nmf_final\completion\output1745.csv,D:\jida_project\data_complete\outputs\nmf_final\predictions\prediction_1745.json
1746,D:\jida_project\data_complete\outputs\nmf_final\completion\output1746.csv,D:\jida_project\data_complete\outputs\nmf_final\predictions\prediction_1746.json
1747,D:\jida_project\data_complete\outputs\nmf_final\completion\output1747.csv,D:\jida_project\data_complete\outputs\nmf_final\predictions\prediction_1747.json
1748,D:\jida_project\data_complete\outputs\nmf_final\completion\output1748.csv,D:\jida_project\data_complete\outputs\nmf_final\predictions\prediction_1748.json
1749,D:\jida_project\data_complete\outputs\nmf_final\completion\output1749.csv,D:\jida_project\data_complete\outputs\nmf_final\predictions\prediction_1749.json
1750,D:\jida_project\data_complete\outputs\nmf_final\completion\output1750.csv,D:\jida_project\data_complete\outputs\nmf_final\predictions\prediction_1750.json
1751,D:\jida_project\data_complete\outputs\nmf_final\completion\output1751.csv,D:\jida_project\data_complete\outputs\nmf_final\predictions\prediction_1751.json
1752,D:\jida_project\data_complete\outputs\nmf_final\completion\output1752.csv,D:\jida_project\data_complete\outputs\nmf_final\predictions\prediction_1752.json
1753,D:\jida_project\data_complete\outputs\nmf_final\completion\output1753.csv,D:\jida_project\data_complete\outputs\nmf_final\predictions\prediction_1753.json
1754,D:\jida_project\data_complete\outputs\nmf_final\completion\output1754.csv,D:\jida_project\data_complete\outputs\nmf_final\predictions\prediction_1754.json
1755,D:\jida_project\data_complete\outputs\nmf_final\completion\output1755.csv,D:\jida_project\data_complete\outputs\nmf_final\predictions\prediction_1755.json
1756,D:\jida_project\data_complete\outputs\nmf_final\completion\output1756.csv,D:\jida_project\data_complete\outputs\nmf_final\predictions\prediction_1756.json
1757,D:\jida_project\data_complete\outputs\nmf_final\completion\output1757.csv,D:\jida_project\data_complete\outputs\nmf_final\predictions\prediction_1757.json
1758,D:\jida_project\data_complete\outputs\nmf_final\completion\output1758.csv,D:\jida_project\data_complete\outputs\nmf_final\predictions\prediction_1758.json
1759,D:\jida_project\data_complete\outputs\nmf_final\completion\output1759.csv,D:\jida_project\data_complete\outputs\nmf_final\predictions\prediction_1759.json
1760,D:\jida_project\data_complete\outputs\nmf_final\completion\output1760.csv,D:\jida_project\data_complete\outputs\nmf_final\predictions\prediction_1760.json
1761,D:\jida_project\data_complete\outputs\nmf_final\completion\output1761.csv,D:\jida_project\data_complete\outputs\nmf_final\predictions\prediction_1761.json
1762,D:\jida_project\data_complete\outputs\nmf_final\completion\output1762.csv,D:\jida_project\data_complete\outputs\nmf_final\predictions\prediction_1762.json
1763,D:\jida_project\data_complete\outputs\nmf_final\completion\output1763.csv,D:\jida_project\data_complete\outputs\nmf_final\predictions\prediction_1763.json
1764,D:\jida_project\data_complete\outputs\nmf_final\completion\output1764.csv,D:\jida_project\data_complete\outputs\nmf_final\predictions\prediction_1764.json
1765,D:\jida_project\data_complete\outputs\nmf_final\completion\output1765.csv,D:\jida_project\data_complete\outputs\nmf_final\predictions\prediction_1765.json
1766,D:\jida_project\data_complete\outputs\nmf_final\completion\output1766.csv,D:\jida_project\data_complete\outputs\nmf_final\predictions\prediction_1766.json
1767,D:\jida_project\data_complete\outputs\nmf_final\completion\output1767.csv,D:\jida_project\data_complete\outputs\nmf_final\predictions\prediction_1767.json
1768,D:\jida_project\data_complete\outputs\nmf_final\completion\output1768.csv,D:\jida_project\data_complete\outputs\nmf_final\predictions\prediction_1768.json
1769,D:\jida_project\data_complete\outputs\nmf_final\completion\output1769.csv,D:\jida_project\data_complete\outputs\nmf_final\predictions\prediction_1769.json
1770,D:\jida_project\data_complete\outputs\nmf_final\completion\output1770.csv,D:\jida_project\data_complete\outputs\nmf_final\predictions\prediction_1770.json
1771,D:\jida_project\data_complete\outputs\nmf_final\completion\output1771.csv,D:\jida_project\data_complete\outputs\nmf_final\predictions\prediction_1771.json
1772,D:\jida_project\data_complete\outputs\nmf_final\completion\output1772.csv,D:\jida_project\data_complete\outputs\nmf_final\predictions\prediction_1772.json
1773,D:\jida_project\data_complete\outputs\nmf_final\completion\output1773.csv,D:\jida_project\data_complete\outputs\nmf_final\predictions\prediction_1773.json
1774,D:\jida_project\data_complete\outputs\nmf_final\completion\output1774.csv,D:\jida_project\data_complete\outputs\nmf_final\predictions\prediction_1774.json
1775,D:\jida_project\data_complete\outputs\nmf_final\completion\output1775.csv,D:\jida_project\data_complete\outputs\nmf_final\predictions\prediction_1775.json
1776,D:\jida_project\data_complete\outputs\nmf_final\completion\output1776.csv,D:\jida_project\data_complete\outputs\nmf_final\predictions\prediction_1776.json
1777,D:\jida_project\data_complete\outputs\nmf_final\completion\output1777.csv,D:\jida_project\data_complete\outputs\nmf_final\predictions\prediction_1777.json
1778,D:\jida_project\data_complete\outputs\nmf_final\completion\output1778.csv,D:\jida_project\data_complete\outputs\nmf_final\predictions\prediction_1778.json
1779,D:\jida_project\data_complete\outputs\nmf_final\completion\output1779.csv,D:\jida_project\data_complete\outputs\nmf_final\predictions\prediction_1779.json
1780,D:\jida_project\data_complete\outputs\nmf_final\completion\output1780.csv,D:\jida_project\data_complete\outputs\nmf_final\predictions\prediction_1780.json
1781,D:\jida_project\data_complete\outputs\nmf_final\completion\output1781.csv,D:\jida_project\data_complete\outputs\nmf_final\predictions\prediction_1781.json
1782,D:\jida_project\data_complete\outputs\nmf_final\completion\output1782.csv,D:\jida_project\data_complete\outputs\nmf_final\predictions\prediction_1782.json
1783,D:\jida_project\data_complete\outputs\nmf_final\completion\output1783.csv,D:\jida_project\data_complete\outputs\nmf_final\predictions\prediction_1783.json
1784,D:\jida_project\data_complete\outputs\nmf_final\completion\output1784.csv,D:\jida_project\data_complete\outputs\nmf_final\predictions\prediction_1784.json
1785,D:\jida_project\data_complete\outputs\nmf_final\completion\output1785.csv,D:\jida_project\data_complete\outputs\nmf_final\predictions\prediction_1785.json
1786,D:\jida_project\data_complete\outputs\nmf_final\completion\output1786.csv,D:\jida_project\data_complete\outputs\nmf_final\predictions\prediction_1786.json
1787,D:\jida_project\data_complete\outputs\nmf_final\completion\output1787.csv,D:\jida_project\data_complete\outputs\nmf_final\predictions\prediction_1787.json
1788,D:\jida_project\data_complete\outputs\nmf_final\completion\output1788.csv,D:\jida_project\data_complete\outputs\nmf_final\predictions\prediction_1788.json
1789,D:\jida_project\data_complete\outputs\nmf_final\completion\output1789.csv,D:\jida_project\data_complete\outputs\nmf_final\predictions\prediction_1789.json
1790,D:\jida_project\data_complete\outputs\nmf_final\completion\output1790.csv,D:\jida_project\data_complete\outputs\nmf_final\predictions\prediction_1790.json
1791,D:\jida_project\data_complete\outputs\nmf_final\completion\output1791.csv,D:\jida_project\data_complete\outputs\nmf_final\predictions\prediction_1791.json
1792,D:\jida_project\data_complete\outputs\nmf_final\completion\output1792.csv,D:\jida_project\data_complete\outputs\nmf_final\predictions\prediction_1792.json
1793,D:\jida_project\data_complete\outputs\nmf_final\completion\output1793.csv,D:\jida_project\data_complete\outputs\nmf_final\predictions\prediction_1793.json
1794,D:\jida_project\data_complete\outputs\nmf_final\completion\output1794.csv,D:\jida_project\data_complete\outputs\nmf_final\predictions\prediction_1794.json
1795,D:\jida_project\data_complete\outputs\nmf_final\completion\output1795.csv,D:\jida_project\data_complete\outputs\nmf_final\predictions\prediction_1795.json
1796,D:\jida_project\data_complete\outputs\nmf_final\completion\output1796.csv,D:\jida_project\data_complete\outputs\nmf_final\predictions\prediction_1796.json
1797,D:\jida_project\data_complete\outputs\nmf_final\completion\output1797.csv,D:\jida_project\data_complete\outputs\nmf_final\predictions\prediction_1797.json
1798,D:\jida_project\data_complete\outputs\nmf_final\completion\output1798.csv,D:\jida_project\data_complete\outputs\nmf_final\predictions\prediction_1798.json
1799,D:\jida_project\data_complete\outputs\nmf_final\completion\output1799.csv,D:\jida_project\data_complete\outputs\nmf_final\predictions\prediction_1799.json
1800,D:\jida_project\data_complete\outputs\nmf_final\completion\output1800.csv,D:\jida_project\data_complete\outputs\nmf_final\predictions\prediction_1800.json
1801,D:\jida_project\data_complete\outputs\nmf_final\completion\output1801.csv,D:\jida_project\data_complete\outputs\nmf_final\predictions\prediction_1801.json
1802,D:\jida_project\data_complete\outputs\nmf_final\completion\output1802.csv,D:\jida_project\data_complete\outputs\nmf_final\predictions\prediction_1802.json
1803,D:\jida_project\data_complete\outputs\nmf_final\completion\output1803.csv,D:\jida_project\data_complete\outputs\nmf_final\predictions\prediction_1803.json
1804,D:\jida_project\data_complete\outputs\nmf_final\completion\output1804.csv,D:\jida_project\data_complete\outputs\nmf_final\predictions\prediction_1804.json
1805,D:\jida_project\data_complete\outputs\nmf_final\completion\output1805.csv,D:\jida_project\data_complete\outputs\nmf_final\predictions\prediction_1805.json
1806,D:\jida_project\data_complete\outputs\nmf_final\completion\output1806.csv,D:\jida_project\data_complete\outputs\nmf_final\predictions\prediction_1806.json
1807,D:\jida_project\data_complete\outputs\nmf_final\completion\output1807.csv,D:\jida_project\data_complete\outputs\nmf_final\predictions\prediction_1807.json
1808,D:\jida_project\data_complete\outputs\nmf_final\completion\output1808.csv,D:\jida_project\data_complete\outputs\nmf_final\predictions\prediction_1808.json
1809,D:\jida_project\data_complete\outputs\nmf_final\completion\output1809.csv,D:\jida_project\data_complete\outputs\nmf_final\predictions\prediction_1809.json
1810,D:\jida_project\data_complete\outputs\nmf_final\completion\output1810.csv,D:\jida_project\data_complete\outputs\nmf_final\predictions\prediction_1810.json
1811,D:\jida_project\data_complete\outputs\nmf_final\completion\output1811.csv,D:\jida_project\data_complete\outputs\nmf_final\predictions\prediction_1811.json
1812,D:\jida_project\data_complete\outputs\nmf_final\completion\output1812.csv,D:\jida_project\data_complete\outputs\nmf_final\predictions\prediction_1812.json
1813,D:\jida_project\data_complete\outputs\nmf_final\completion\output1813.csv,D:\jida_project\data_complete\outputs\nmf_final\predictions\prediction_1813.json
1814,D:\jida_project\data_complete\outputs\nmf_final\completion\output1814.csv,D:\jida_project\data_complete\outputs\nmf_final\predictions\prediction_1814.json
1815,D:\jida_project\data_complete\outputs\nmf_final\completion\output1815.csv,D:\jida_project\data_complete\outputs\nmf_final\predictions\prediction_1815.json
1816,D:\jida_project\data_complete\outputs\nmf_final\completion\output1816.csv,D:\jida_project\data_complete\outputs\nmf_final\predictions\prediction_1816.json
1817,D:\jida_project\data_complete\outputs\nmf_final\completion\output1817.csv,D:\jida_project\data_complete\outputs\nmf_final\predictions\prediction_1817.json
1818,D:\jida_project\data_complete\outputs\nmf_final\completion\output1818.csv,D:\jida_project\data_complete\outputs\nmf_final\predictions\prediction_1818.json
1819,D:\jida_project\data_complete\outputs\nmf_final\completion\output1819.csv,D:\jida_project\data_complete\outputs\nmf_final\predictions\prediction_1819.json
1820,D:\jida_project\data_complete\outputs\nmf_final\completion\output1820.csv,D:\jida_project\data_complete\outputs\nmf_final\predictions\prediction_1820.json
1821,D:\jida_project\data_complete\outputs\nmf_final\completion\output1821.csv,D:\jida_project\data_complete\outputs\nmf_final\predictions\prediction_1821.json
1822,D:\jida_project\data_complete\outputs\nmf_final\completion\output1822.csv,D:\jida_project\data_complete\outputs\nmf_final\predictions\prediction_1822.json
1823,D:\jida_project\data_complete\outputs\nmf_final\completion\output1823.csv,D:\jida_project\data_complete\outputs\nmf_final\predictions\prediction_1823.json
1824,D:\jida_project\data_complete\outputs\nmf_final\completion\output1824.csv,D:\jida_project\data_complete\outputs\nmf_final\predictions\prediction_1824.json
1825,D:\jida_project\data_complete\outputs\nmf_final\completion\output1825.csv,D:\jida_project\data_complete\outputs\nmf_final\predictions\prediction_1825.json
1826,D:\jida_project\data_complete\outputs\nmf_final\completion\output1826.csv,D:\jida_project\data_complete\outputs\nmf_final\predictions\prediction_1826.json
1827,D:\jida_project\data_complete\outputs\nmf_final\completion\output1827.csv,D:\jida_project\data_complete\outputs\nmf_final\predictions\prediction_1827.json
1828,D:\jida_project\data_complete\outputs\nmf_final\completion\output1828.csv,D:\jida_project\data_complete\outputs\nmf_final\predictions\prediction_1828.json
1829,D:\jida_project\data_complete\outputs\nmf_final\completion\output1829.csv,D:\jida_project\data_complete\outputs\nmf_final\predictions\prediction_1829.json
1830,D:\jida_project\data_complete\outputs\nmf_final\completion\output1830.csv,D:\jida_project\data_complete\outputs\nmf_final\predictions\prediction_1830.json
1831,D:\jida_project\data_complete\outputs\nmf_final\completion\output1831.csv,D:\jida_project\data_complete\outputs\nmf_final\predictions\prediction_1831.json
1832,D:\jida_project\data_complete\outputs\nmf_final\completion\output1832.csv,D:\jida_project\data_complete\outputs\nmf_final\predictions\prediction_1832.json
1833,D:\jida_project\data_complete\outputs\nmf_final\completion\output1833.csv,D:\jida_project\data_complete\outputs\nmf_final\predictions\prediction_1833.json
1834,D:\jida_project\data_complete\outputs\nmf_final\completion\output1834.csv,D:\jida_project\data_complete\outputs\nmf_final\predictions\prediction_1834.json
1835,D:\jida_project\data_complete\outputs\nmf_final\completion\output1835.csv,D:\jida_project\data_complete\outputs\nmf_final\predictions\prediction_1835.json
1836,D:\jida_project\data_complete\outputs\nmf_final\completion\output1836.csv,D:\jida_project\data_complete\outputs\nmf_final\predictions\prediction_1836.json
1837,D:\jida_project\data_complete\outputs\nmf_final\completion\output1837.csv,D:\jida_project\data_complete\outputs\nmf_final\predictions\prediction_1837.json
1838,D:\jida_project\data_complete\outputs\nmf_final\completion\output1838.csv,D:\jida_project\data_complete\outputs\nmf_final\predictions\prediction_1838.json
1839,D:\jida_project\data_complete\outputs\nmf_final\completion\output1839.csv,D:\jida_project\data_complete\outputs\nmf_final\predictions\prediction_1839.json
1840,D:\jida_project\data_complete\outputs\nmf_final\completion\output1840.csv,D:\jida_project\data_complete\outputs\nmf_final\predictions\prediction_1840.json
1841,D:\jida_project\data_complete\outputs\nmf_final\completion\output1841.csv,D:\jida_project\data_complete\outputs\nmf_final\predictions\prediction_1841.json
1842,D:\jida_project\data_complete\outputs\nmf_final\completion\output1842.csv,D:\jida_project\data_complete\outputs\nmf_final\predictions\prediction_1842.json
1843,D:\jida_project\data_complete\outputs\nmf_final\completion\output1843.csv,D:\jida_project\data_complete\outputs\nmf_final\predictions\prediction_1843.json
1844,D:\jida_project\data_complete\outputs\nmf_final\completion\output1844.csv,D:\jida_project\data_complete\outputs\nmf_final\predictions\prediction_1844.json
1845,D:\jida_project\data_complete\outputs\nmf_final\completion\output1845.csv,D:\jida_project\data_complete\outputs\nmf_final\predictions\prediction_1845.json
1846,D:\jida_project\data_complete\outputs\nmf_final\completion\output1846.csv,D:\jida_project\data_complete\outputs\nmf_final\predictions\prediction_1846.json
1847,D:\jida_project\data_complete\outputs\nmf_final\completion\output1847.csv,D:\jida_project\data_complete\outputs\nmf_final\predictions\prediction_1847.json
1848,D:\jida_project\data_complete\outputs\nmf_final\completion\output1848.csv,D:\jida_project\data_complete\outputs\nmf_final\predictions\prediction_1848.json
1849,D:\jida_project\data_complete\outputs\nmf_final\completion\output1849.csv,D:\jida_project\data_complete\outputs\nmf_final\predictions\prediction_1849.json
1850,D:\jida_project\data_complete\outputs\nmf_final\completion\output1850.csv,D:\jida_project\data_complete\outputs\nmf_final\predictions\prediction_1850.json
1851,D:\jida_project\data_complete\outputs\nmf_final\completion\output1851.csv,D:\jida_project\data_complete\outputs\nmf_final\predictions\prediction_1851.json
1852,D:\jida_project\data_complete\outputs\nmf_final\completion\output1852.csv,D:\jida_project\data_complete\outputs\nmf_final\predictions\prediction_1852.json
1853,D:\jida_project\data_complete\outputs\nmf_final\completion\output1853.csv,D:\jida_project\data_complete\outputs\nmf_final\predictions\prediction_1853.json
1854,D:\jida_project\data_complete\outputs\nmf_final\completion\output1854.csv,D:\jida_project\data_complete\outputs\nmf_final\predictions\prediction_1854.json
1855,D:\jida_project\data_complete\outputs\nmf_final\completion\output1855.csv,D:\jida_project\data_complete\outputs\nmf_final\predictions\prediction_1855.json
1856,D:\jida_project\data_complete\outputs\nmf_final\completion\output1856.csv,D:\jida_project\data_complete\outputs\nmf_final\predictions\prediction_1856.json
1857,D:\jida_project\data_complete\outputs\nmf_final\completion\output1857.csv,D:\jida_project\data_complete\outputs\nmf_final\predictions\prediction_1857.json
1858,D:\jida_project\data_complete\outputs\nmf_final\completion\output1858.csv,D:\jida_project\data_complete\outputs\nmf_final\predictions\prediction_1858.json
1859,D:\jida_project\data_complete\outputs\nmf_final\completion\output1859.csv,D:\jida_project\data_complete\outputs\nmf_final\predictions\prediction_1859.json
1860,D:\jida_project\data_complete\outputs\nmf_final\completion\output1860.csv,D:\jida_project\data_complete\outputs\nmf_final\predictions\prediction_1860.json
1861,D:\jida_project\data_complete\outputs\nmf_final\completion\output1861.csv,D:\jida_project\data_complete\outputs\nmf_final\predictions\prediction_1861.json
1862,D:\jida_project\data_complete\outputs\nmf_final\completion\output1862.csv,D:\jida_project\data_complete\outputs\nmf_final\predictions\prediction_1862.json
1863,D:\jida_project\data_complete\outputs\nmf_final\completion\output1863.csv,D:\jida_project\data_complete\outputs\nmf_final\predictions\prediction_1863.json
1864,D:\jida_project\data_complete\outputs\nmf_final\completion\output1864.csv,D:\jida_project\data_complete\outputs\nmf_final\predictions\prediction_1864.json
1865,D:\jida_project\data_complete\outputs\nmf_final\completion\output1865.csv,D:\jida_project\data_complete\outputs\nmf_final\predictions\prediction_1865.json
1866,D:\jida_project\data_complete\outputs\nmf_final\completion\output1866.csv,D:\jida_project\data_complete\outputs\nmf_final\predictions\prediction_1866.json
1867,D:\jida_project\data_complete\outputs\nmf_final\completion\output1867.csv,D:\jida_project\data_complete\outputs\nmf_final\predictions\prediction_1867.json
1868,D:\jida_project\data_complete\outputs\nmf_final\completion\output1868.csv,D:\jida_project\data_complete\outputs\nmf_final\predictions\prediction_1868.json
1869,D:\jida_project\data_complete\outputs\nmf_final\completion\output1869.csv,D:\jida_project\data_complete\outputs\nmf_final\predictions\prediction_1869.json
1870,D:\jida_project\data_complete\outputs\nmf_final\completion\output1870.csv,D:\jida_project\data_complete\outputs\nmf_final\predictions\prediction_1870.json
1871,D:\jida_project\data_complete\outputs\nmf_final\completion\output1871.csv,D:\jida_project\data_complete\outputs\nmf_final\predictions\prediction_1871.json
1872,D:\jida_project\data_complete\outputs\nmf_final\completion\output1872.csv,D:\jida_project\data_complete\outputs\nmf_final\predictions\prediction_1872.json
1873,D:\jida_project\data_complete\outputs\nmf_final\completion\output1873.csv,D:\jida_project\data_complete\outputs\nmf_final\predictions\prediction_1873.json
1874,D:\jida_project\data_complete\outputs\nmf_final\completion\output1874.csv,D:\jida_project\data_complete\outputs\nmf_final\predictions\prediction_1874.json
1875,D:\jida_project\data_complete\outputs\nmf_final\completion\output1875.csv,D:\jida_project\data_complete\outputs\nmf_final\predictions\prediction_1875.json
1876,D:\jida_project\data_complete\outputs\nmf_final\completion\output1876.csv,D:\jida_project\data_complete\outputs\nmf_final\predictions\prediction_1876.json
1877,D:\jida_project\data_complete\outputs\nmf_final\completion\output1877.csv,D:\jida_project\data_complete\outputs\nmf_final\predictions\prediction_1877.json
1878,D:\jida_project\data_complete\outputs\nmf_final\completion\output1878.csv,D:\jida_project\data_complete\outputs\nmf_final\predictions\prediction_1878.json
1879,D:\jida_project\data_complete\outputs\nmf_final\completion\output1879.csv,D:\jida_project\data_complete\outputs\nmf_final\predictions\prediction_1879.json
1880,D:\jida_project\data_complete\outputs\nmf_final\completion\output1880.csv,D:\jida_project\data_complete\outputs\nmf_final\predictions\prediction_1880.json
1881,D:\jida_project\data_complete\outputs\nmf_final\completion\output1881.csv,D:\jida_project\data_complete\outputs\nmf_final\predictions\prediction_1881.json
1882,D:\jida_project\data_complete\outputs\nmf_final\completion\output1882.csv,D:\jida_project\data_complete\outputs\nmf_final\predictions\prediction_1882.json
1883,D:\jida_project\data_complete\outputs\nmf_final\completion\output1883.csv,D:\jida_project\data_complete\outputs\nmf_final\predictions\prediction_1883.json
1884,D:\jida_project\data_complete\outputs\nmf_final\completion\output1884.csv,D:\jida_project\data_complete\outputs\nmf_final\predictions\prediction_1884.json
1885,D:\jida_project\data_complete\outputs\nmf_final\completion\output1885.csv,D:\jida_project\data_complete\outputs\nmf_final\predictions\prediction_1885.json
1886,D:\jida_project\data_complete\outputs\nmf_final\completion\output1886.csv,D:\jida_project\data_complete\outputs\nmf_final\predictions\prediction_1886.json
1887,D:\jida_project\data_complete\outputs\nmf_final\completion\output1887.csv,D:\jida_project\data_complete\outputs\nmf_final\predictions\prediction_1887.json
1888,D:\jida_project\data_complete\outputs\nmf_final\completion\output1888.csv,D:\jida_project\data_complete\outputs\nmf_final\predictions\prediction_1888.json
1889,D:\jida_project\data_complete\outputs\nmf_final\completion\output1889.csv,D:\jida_project\data_complete\outputs\nmf_final\predictions\prediction_1889.json
1890,D:\jida_project\data_complete\outputs\nmf_final\completion\output1890.csv,D:\jida_project\data_complete\outputs\nmf_final\predictions\prediction_1890.json
1891,D:\jida_project\data_complete\outputs\nmf_final\completion\output1891.csv,D:\jida_project\data_complete\outputs\nmf_final\predictions\prediction_1891.json
1892,D:\jida_project\data_complete\outputs\nmf_final\completion\output1892.csv,D:\jida_project\data_complete\outputs\nmf_final\predictions\prediction_1892.json
1893,D:\jida_project\data_complete\outputs\nmf_final\completion\output1893.csv,D:\jida_project\data_complete\outputs\nmf_final\predictions\prediction_1893.json
1894,D:\jida_project\data_complete\outputs\nmf_final\completion\output1894.csv,D:\jida_project\data_complete\outputs\nmf_final\predictions\prediction_1894.json
1895,D:\jida_project\data_complete\outputs\nmf_final\completion\output1895.csv,D:\jida_project\data_complete\outputs\nmf_final\predictions\prediction_1895.json
1896,D:\jida_project\data_complete\outputs\nmf_final\completion\output1896.csv,D:\jida_project\data_complete\outputs\nmf_final\predictions\prediction_1896.json
1897,D:\jida_project\data_complete\outputs\nmf_final\completion\output1897.csv,D:\jida_project\data_complete\outputs\nmf_final\predictions\prediction_1897.json
1898,D:\jida_project\data_complete\outputs\nmf_final\completion\output1898.csv,D:\jida_project\data_complete\outputs\nmf_final\predictions\prediction_1898.json
1899,D:\jida_project\data_complete\outputs\nmf_final\completion\output1899.csv,D:\jida_project\data_complete\outputs\nmf_final\predictions\prediction_1899.json
1900,D:\jida_project\data_complete\outputs\nmf_final\completion\output1900.csv,D:\jida_project\data_complete\outputs\nmf_final\predictions\prediction_1900.json
1901,D:\jida_project\data_complete\outputs\nmf_final\completion\output1901.csv,D:\jida_project\data_complete\outputs\nmf_final\predictions\prediction_1901.json
1902,D:\jida_project\data_complete\outputs\nmf_final\completion\output1902.csv,D:\jida_project\data_complete\outputs\nmf_final\predictions\prediction_1902.json
1903,D:\jida_project\data_complete\outputs\nmf_final\completion\output1903.csv,D:\jida_project\data_complete\outputs\nmf_final\predictions\prediction_1903.json
1904,D:\jida_project\data_complete\outputs\nmf_final\completion\output1904.csv,D:\jida_project\data_complete\outputs\nmf_final\predictions\prediction_1904.json
1905,D:\jida_project\data_complete\outputs\nmf_final\completion\output1905.csv,D:\jida_project\data_complete\outputs\nmf_final\predictions\prediction_1905.json
1906,D:\jida_project\data_complete\outputs\nmf_final\completion\output1906.csv,D:\jida_project\data_complete\outputs\nmf_final\predictions\prediction_1906.json
1907,D:\jida_project\data_complete\outputs\nmf_final\completion\output1907.csv,D:\jida_project\data_complete\outputs\nmf_final\predictions\prediction_1907.json
1908,D:\jida_project\data_complete\outputs\nmf_final\completion\output1908.csv,D:\jida_project\data_complete\outputs\nmf_final\predictions\prediction_1908.json
1909,D:\jida_project\data_complete\outputs\nmf_final\completion\output1909.csv,D:\jida_project\data_complete\outputs\nmf_final\predictions\prediction_1909.json
1910,D:\jida_project\data_complete\outputs\nmf_final\completion\output1910.csv,D:\jida_project\data_complete\outputs\nmf_final\predictions\prediction_1910.json
1911,D:\jida_project\data_complete\outputs\nmf_final\completion\output1911.csv,D:\jida_project\data_complete\outputs\nmf_final\predictions\prediction_1911.json
1912,D:\jida_project\data_complete\outputs\nmf_final\completion\output1912.csv,D:\jida_project\data_complete\outputs\nmf_final\predictions\prediction_1912.json
1913,D:\jida_project\data_complete\outputs\nmf_final\completion\output1913.csv,D:\jida_project\data_complete\outputs\nmf_final\predictions\prediction_1913.json
1914,D:\jida_project\data_complete\outputs\nmf_final\completion\output1914.csv,D:\jida_project\data_complete\outputs\nmf_final\predictions\prediction_1914.json
1915,D:\jida_project\data_complete\outputs\nmf_final\completion\output1915.csv,D:\jida_project\data_complete\outputs\nmf_final\predictions\prediction_1915.json
1916,D:\jida_project\data_complete\outputs\nmf_final\completion\output1916.csv,D:\jida_project\data_complete\outputs\nmf_final\predictions\prediction_1916.json
1917,D:\jida_project\data_complete\outputs\nmf_final\completion\output1917.csv,D:\jida_project\data_complete\outputs\nmf_final\predictions\prediction_1917.json
1918,D:\jida_project\data_complete\outputs\nmf_final\completion\output1918.csv,D:\jida_project\data_complete\outputs\nmf_final\predictions\prediction_1918.json
1919,D:\jida_project\data_complete\outputs\nmf_final\completion\output1919.csv,D:\jida_project\data_complete\outputs\nmf_final\predictions\prediction_1919.json
1920,D:\jida_project\data_complete\outputs\nmf_final\completion\output1920.csv,D:\jida_project\data_complete\outputs\nmf_final\predictions\prediction_1920.json
1921,D:\jida_project\data_complete\outputs\nmf_final\completion\output1921.csv,D:\jida_project\data_complete\outputs\nmf_final\predictions\prediction_1921.json
1922,D:\jida_project\data_complete\outputs\nmf_final\completion\output1922.csv,D:\jida_project\data_complete\outputs\nmf_final\predictions\prediction_1922.json
1923,D:\jida_project\data_complete\outputs\nmf_final\completion\output1923.csv,D:\jida_project\data_complete\outputs\nmf_final\predictions\prediction_1923.json
1924,D:\jida_project\data_complete\outputs\nmf_final\completion\output1924.csv,D:\jida_project\data_complete\outputs\nmf_final\predictions\prediction_1924.json
1925,D:\jida_project\data_complete\outputs\nmf_final\completion\output1925.csv,D:\jida_project\data_complete\outputs\nmf_final\predictions\prediction_1925.json
1926,D:\jida_project\data_complete\outputs\nmf_final\completion\output1926.csv,D:\jida_project\data_complete\outputs\nmf_final\predictions\prediction_1926.json
1927,D:\jida_project\data_complete\outputs\nmf_final\completion\output1927.csv,D:\jida_project\data_complete\outputs\nmf_final\predictions\prediction_1927.json
1928,D:\jida_project\data_complete\outputs\nmf_final\completion\output1928.csv,D:\jida_project\data_complete\outputs\nmf_final\predictions\prediction_1928.json
1929,D:\jida_project\data_complete\outputs\nmf_final\completion\output1929.csv,D:\jida_project\data_complete\outputs\nmf_final\predictions\prediction_1929.json
1930,D:\jida_project\data_complete\outputs\nmf_final\completion\output1930.csv,D:\jida_project\data_complete\outputs\nmf_final\predictions\prediction_1930.json
1931,D:\jida_project\data_complete\outputs\nmf_final\completion\output1931.csv,D:\jida_project\data_complete\outputs\nmf_final\predictions\prediction_1931.json
1932,D:\jida_project\data_complete\outputs\nmf_final\completion\output1932.csv,D:\jida_project\data_complete\outputs\nmf_final\predictions\prediction_1932.json
1933,D:\jida_project\data_complete\outputs\nmf_final\completion\output1933.csv,D:\jida_project\data_complete\outputs\nmf_final\predictions\prediction_1933.json
1934,D:\jida_project\data_complete\outputs\nmf_final\completion\output1934.csv,D:\jida_project\data_complete\outputs\nmf_final\predictions\prediction_1934.json
1935,D:\jida_project\data_complete\outputs\nmf_final\completion\output1935.csv,D:\jida_project\data_complete\outputs\nmf_final\predictions\prediction_1935.json
1936,D:\jida_project\data_complete\outputs\nmf_final\completion\output1936.csv,D:\jida_project\data_complete\outputs\nmf_final\predictions\prediction_1936.json
1937,D:\jida_project\data_complete\outputs\nmf_final\completion\output1937.csv,D:\jida_project\data_complete\outputs\nmf_final\predictions\prediction_1937.json
1938,D:\jida_project\data_complete\outputs\nmf_final\completion\output1938.csv,D:\jida_project\data_complete\outputs\nmf_final\predictions\prediction_1938.json
1939,D:\jida_project\data_complete\outputs\nmf_final\completion\output1939.csv,D:\jida_project\data_complete\outputs\nmf_final\predictions\prediction_1939.json
1940,D:\jida_project\data_complete\outputs\nmf_final\completion\output1940.csv,D:\jida_project\data_complete\outputs\nmf_final\predictions\prediction_1940.json
1941,D:\jida_project\data_complete\outputs\nmf_final\completion\output1941.csv,D:\jida_project\data_complete\outputs\nmf_final\predictions\prediction_1941.json
1942,D:\jida_project\data_complete\outputs\nmf_final\completion\output1942.csv,D:\jida_project\data_complete\outputs\nmf_final\predictions\prediction_1942.json
1943,D:\jida_project\data_complete\outputs\nmf_final\completion\output1943.csv,D:\jida_project\data_complete\outputs\nmf_final\predictions\prediction_1943.json
1944,D:\jida_project\data_complete\outputs\nmf_final\completion\output1944.csv,D:\jida_project\data_complete\outputs\nmf_final\predictions\prediction_1944.json
1945,D:\jida_project\data_complete\outputs\nmf_final\completion\output1945.csv,D:\jida_project\data_complete\outputs\nmf_final\predictions\prediction_1945.json
1946,D:\jida_project\data_complete\outputs\nmf_final\completion\output1946.csv,D:\jida_project\data_complete\outputs\nmf_final\predictions\prediction_1946.json
1947,D:\jida_project\data_complete\outputs\nmf_final\completion\output1947.csv,D:\jida_project\data_complete\outputs\nmf_final\predictions\prediction_1947.json
1948,D:\jida_project\data_complete\outputs\nmf_final\completion\output1948.csv,D:\jida_project\data_complete\outputs\nmf_final\predictions\prediction_1948.json
1949,D:\jida_project\data_complete\outputs\nmf_final\completion\output1949.csv,D:\jida_project\data_complete\outputs\nmf_final\predictions\prediction_1949.json
1950,D:\jida_project\data_complete\outputs\nmf_final\completion\output1950.csv,D:\jida_project\data_complete\outputs\nmf_final\predictions\prediction_1950.json
1951,D:\jida_project\data_complete\outputs\nmf_final\completion\output1951.csv,D:\jida_project\data_complete\outputs\nmf_final\predictions\prediction_1951.json
1952,D:\jida_project\data_complete\outputs\nmf_final\completion\output1952.csv,D:\jida_project\data_complete\outputs\nmf_final\predictions\prediction_1952.json
1953,D:\jida_project\data_complete\outputs\nmf_final\completion\output1953.csv,D:\jida_project\data_complete\outputs\nmf_final\predictions\prediction_1953.json
1954,D:\jida_project\data_complete\outputs\nmf_final\completion\output1954.csv,D:\jida_project\data_complete\outputs\nmf_final\predictions\prediction_1954.json
1955,D:\jida_project\data_complete\outputs\nmf_final\completion\output1955.csv,D:\jida_project\data_complete\outputs\nmf_final\predictions\prediction_1955.json
1956,D:\jida_project\data_complete\outputs\nmf_final\completion\output1956.csv,D:\jida_project\data_complete\outputs\nmf_final\predictions\prediction_1956.json
1957,D:\jida_project\data_complete\outputs\nmf_final\completion\output1957.csv,D:\jida_project\data_complete\outputs\nmf_final\predictions\prediction_1957.json
1958,D:\jida_project\data_complete\outputs\nmf_final\completion\output1958.csv,D:\jida_project\data_complete\outputs\nmf_final\predictions\prediction_1958.json
1959,D:\jida_project\data_complete\outputs\nmf_final\completion\output1959.csv,D:\jida_project\data_complete\outputs\nmf_final\predictions\prediction_1959.json
1960,D:\jida_project\data_complete\outputs\nmf_final\completion\output1960.csv,D:\jida_project\data_complete\outputs\nmf_final\predictions\prediction_1960.json
1961,D:\jida_project\data_complete\outputs\nmf_final\completion\output1961.csv,D:\jida_project\data_complete\outputs\nmf_final\predictions\prediction_1961.json
1962,D:\jida_project\data_complete\outputs\nmf_final\completion\output1962.csv,D:\jida_project\data_complete\outputs\nmf_final\predictions\prediction_1962.json
1963,D:\jida_project\data_complete\outputs\nmf_final\completion\output1963.csv,D:\jida_project\data_complete\outputs\nmf_final\predictions\prediction_1963.json
1964,D:\jida_project\data_complete\outputs\nmf_final\completion\output1964.csv,D:\jida_project\data_complete\outputs\nmf_final\predictions\prediction_1964.json
1965,D:\jida_project\data_complete\outputs\nmf_final\completion\output1965.csv,D:\jida_project\data_complete\outputs\nmf_final\predictions\prediction_1965.json
1966,D:\jida_project\data_complete\outputs\nmf_final\completion\output1966.csv,D:\jida_project\data_complete\outputs\nmf_final\predictions\prediction_1966.json
1967,D:\jida_project\data_complete\outputs\nmf_final\completion\output1967.csv,D:\jida_project\data_complete\outputs\nmf_final\predictions\prediction_1967.json
1968,D:\jida_project\data_complete\outputs\nmf_final\completion\output1968.csv,D:\jida_project\data_complete\outputs\nmf_final\predictions\prediction_1968.json
1969,D:\jida_project\data_complete\outputs\nmf_final\completion\output1969.csv,D:\jida_project\data_complete\outputs\nmf_final\predictions\prediction_1969.json
1970,D:\jida_project\data_complete\outputs\nmf_final\completion\output1970.csv,D:\jida_project\data_complete\outputs\nmf_final\predictions\prediction_1970.json
1971,D:\jida_project\data_complete\outputs\nmf_final\completion\output1971.csv,D:\jida_project\data_complete\outputs\nmf_final\predictions\prediction_1971.json
1972,D:\jida_project\data_complete\outputs\nmf_final\completion\output1972.csv,D:\jida_project\data_complete\outputs\nmf_final\predictions\prediction_1972.json
1973,D:\jida_project\data_complete\outputs\nmf_final\completion\output1973.csv,D:\jida_project\data_complete\outputs\nmf_final\predictions\prediction_1973.json
1974,D:\jida_project\data_complete\outputs\nmf_final\completion\output1974.csv,D:\jida_project\data_complete\outputs\nmf_final\predictions\prediction_1974.json
1975,D:\jida_project\data_complete\outputs\nmf_final\completion\output1975.csv,D:\jida_project\data_complete\outputs\nmf_final\predictions\prediction_1975.json
1976,D:\jida_project\data_complete\outputs\nmf_final\completion\output1976.csv,D:\jida_project\data_complete\outputs\nmf_final\predictions\prediction_1976.json
1977,D:\jida_project\data_complete\outputs\nmf_final\completion\output1977.csv,D:\jida_project\data_complete\outputs\nmf_final\predictions\prediction_1977.json
1978,D:\jida_project\data_complete\outputs\nmf_final\completion\output1978.csv,D:\jida_project\data_complete\outputs\nmf_final\predictions\prediction_1978.json
1979,D:\jida_project\data_complete\outputs\nmf_final\completion\output1979.csv,D:\jida_project\data_complete\outputs\nmf_final\predictions\prediction_1979.json
1980,D:\jida_project\data_complete\outputs\nmf_final\completion\output1980.csv,D:\jida_project\data_complete\outputs\nmf_final\predictions\prediction_1980.json
1981,D:\jida_project\data_complete\outputs\nmf_final\completion\output1981.csv,D:\jida_project\data_complete\outputs\nmf_final\predictions\prediction_1981.json
1982,D:\jida_project\data_complete\outputs\nmf_final\completion\output1982.csv,D:\jida_project\data_complete\outputs\nmf_final\predictions\prediction_1982.json
1983,D:\jida_project\data_complete\outputs\nmf_final\completion\output1983.csv,D:\jida_project\data_complete\outputs\nmf_final\predictions\prediction_1983.json
1984,D:\jida_project\data_complete\outputs\nmf_final\completion\output1984.csv,D:\jida_project\data_complete\outputs\nmf_final\predictions\prediction_1984.json
1985,D:\jida_project\data_complete\outputs\nmf_final\completion\output1985.csv,D:\jida_project\data_complete\outputs\nmf_final\predictions\prediction_1985.json
1986,D:\jida_project\data_complete\outputs\nmf_final\completion\output1986.csv,D:\jida_project\data_complete\outputs\nmf_final\predictions\prediction_1986.json
1987,D:\jida_project\data_complete\outputs\nmf_final\completion\output1987.csv,D:\jida_project\data_complete\outputs\nmf_final\predictions\prediction_1987.json
1988,D:\jida_project\data_complete\outputs\nmf_final\completion\output1988.csv,D:\jida_project\data_complete\outputs\nmf_final\predictions\prediction_1988.json
1989,D:\jida_project\data_complete\outputs\nmf_final\completion\output1989.csv,D:\jida_project\data_complete\outputs\nmf_final\predictions\prediction_1989.json
1990,D:\jida_project\data_complete\outputs\nmf_final\completion\output1990.csv,D:\jida_project\data_complete\outputs\nmf_final\predictions\prediction_1990.json
1991,D:\jida_project\data_complete\outputs\nmf_final\completion\output1991.csv,D:\jida_project\data_complete\outputs\nmf_final\predictions\prediction_1991.json
1992,D:\jida_project\data_complete\outputs\nmf_final\completion\output1992.csv,D:\jida_project\data_complete\outputs\nmf_final\predictions\prediction_1992.json
1993,D:\jida_project\data_complete\outputs\nmf_final\completion\output1993.csv,D:\jida_project\data_complete\outputs\nmf_final\predictions\prediction_1993.json
1994,D:\jida_project\data_complete\outputs\nmf_final\completion\output1994.csv,D:\jida_project\data_complete\outputs\nmf_final\predictions\prediction_1994.json
1995,D:\jida_project\data_complete\outputs\nmf_final\completion\output1995.csv,D:\jida_project\data_complete\outputs\nmf_final\predictions\prediction_1995.json
1996,D:\jida_project\data_complete\outputs\nmf_final\completion\output1996.csv,D:\jida_project\data_complete\outputs\nmf_final\predictions\prediction_1996.json
1997,D:\jida_project\data_complete\outputs\nmf_final\completion\output1997.csv,D:\jida_project\data_complete\outputs\nmf_final\predictions\prediction_1997.json
1998,D:\jida_project\data_complete\outputs\nmf_final\completion\output1998.csv,D:\jida_project\data_complete\outputs\nmf_final\predictions\prediction_1998.json
1999,D:\jida_project\data_complete\outputs\nmf_final\completion\output1999.csv,D:\jida_project\data_complete\outputs\nmf_final\predictions\prediction_1999.json
